<items gfxroot="gfx/items/" version="1">
  <passive cache="damage" description="Hey, Kappa Kappa, hey!" gfx="Collectibles_Kappa.png" name="Kappa" />
  <passive coins="15" description="Rare but Kappa" gfx="Collectibles_GoldenKappa.png" name="Golden Kappa" />
  <passive description="Not what you expect" gfx="Collectibles_NotLikeThis.png" name="Not Like This" />
  <passive description="Join us or hide your ass" gfx="Collectibles_KappaPride.png" name="Kappa Pride" />
  <passive description="Beam!" gfx="Collectibles_FutureMan.png" name="Future Man" />
  <passive cache="all" description="Curse energy" gfx="Collectibles_CurseLit.png" name="Curse Lit" />
  <passive cache="speed" description="In source quality!" gfx="Collectibles_TropPunch.png" name="AMP Trop Punch" />
  <passive description="YEAH!" gfx="Collectibles_Kreygasm.png" name="Kreygasm" />
  <passive description="Bam-bam!!" gfx="Collectibles_BCouch.png" name="BCouch" />
  <passive description="Control the enemy" gfx="Collectibles_BrainSlug.png" name="Brain Slug" />
  <passive description="Explosive!" gfx="Collectibles_SSSsss.png" name="SSSsss" />
  
  <active maxcharges="6" description="Fire in the hole!" gfx="Collectibles_TwitchRaid.png" name="Twitch Raid" />
  <active maxcharges="1" description="Take a pic" gfx="Collectibles_TTours.png" name="TTours" />
  <active maxcharges="3" description="Decline it" gfx="Collectibles_VoteNay.png" name="Vote Nay" />
  <active maxcharges="6" description="Accept it" gfx="Collectibles_VoteYea.png" name="Vote Yea" />
  <active maxcharges="6" description="Bring the apocalypse!" gfx="Collectibles_GOWSkull.png" name="GOW Skull" />
  
  <familiar description="Your fan" gfx="Collectibles_Subscriber.png" name="Subscriber" isaacontwitch="false"/>
  <familiar description="Spam not allowed!" gfx="Collectibles_NightBot.png" name="Nightbot" />
  <familiar description="Yikes, it's stinky!" gfx="Collectibles_StinkyCheese.png" name="Stinky Cheese" />
  
  <trinket description="Like a pro" gfx="Trinket_twitch_Neonomi.png" name="Neo glasses" /> <!-- Neonomi -->
  <trinket description="We need to free him!" gfx="Trinket_twitch_Smite.png" name="Yoshi shell" /> <!-- Smite -->
  <trinket description="Everyone loves it" gfx="Trinket_twitch_Hutts.png" name="Hair clap" /> <!-- Hutts -->
  <trinket description="Try it or suck it" gfx="Trinket_twitch_Tijoe.png" name="Torn cat ear" /> <!-- Tijoe -->
  <trinket description="Velichaishe!" gfx="Trinket_twitch_Rekvizit8Bit.png" name="Gribulya's piece" /> <!-- Rekvi -->
  <trinket description="Bzzzzzz" gfx="Trinket_twitch_H4hen.png" name="Honey Lord Sting" /> <!-- H4hen -->
  <trinket description="Who turned out the lights?" gfx="Trinket_twitch_Vertroxmt.png" name="Spacesuit charge indicator" /> <!-- iVertox -->
  <trinket description="Hell's Heat" gfx="Trinket_twitch_VadPribalt.png" name="Ring of Eternal Flame" /> <!-- VadPribalt -->
  <trinket description="So greedy" gfx="Trinket_twitch_MrOSTsergey.png" name="Mr. Ost coin eye" /> <!-- Mr. Ost Sergey -->
  <trinket description="Wake up, people!" gfx="Trinket_twitch_RomaWake.png" name="Radio 'Wake'" /> <!-- Roma Wake -->
  <trinket description="It strangely shines" gfx="Trinket_twitch_Crystal.png" name="Crystal shard" /> <!-- Crystal Channel -->
  <trinket description="Crying all the time" gfx="Trinket_twitch_Junkey.png" name="Rabbit paw" /> <!-- Junkey23 -->
  <trinket description="What's up?" gfx="Trinket_twitch_Grizzly.png" name="Grizzly claw" /> <!-- GrizzlyGuy -->
  <trinket description="Chat's making me burn" gfx="Trinket_twitch_HellYeah.png" name="Inverted Cross" /> <!-- HellYeah -->
  <trinket description="His eyes are filled with madness" gfx="Trinket_twitch_Vitecp.png" name="UC's stem" /> <!-- VitecP -->
  
  <active maxcharges="0" description="EEEEEEDMUUUUND!!!" gfx="Collectibles_Debug.png" name="DEBUG ITEM" isaacontwitch="false"/>
</items>
